loan_id,account_id,date,amount,duration,installment,status
5314,1787,2013-06-30,96396,12,8033.0,B
5316,1801,2013-07-06,165960,36,4610.0,A
6863,9188,2013-07-23,127080,60,2118.0,A
5325,1843,2013-07-29,105804,36,2939.0,A
7240,11013,2013-09-01,274740,60,4579.0,A
6687,8261,2013-09-08,87840,24,3660.0,A
7284,11265,2013-09-10,52788,12,4399.0,A
6111,5428,2013-09-19,174744,24,7281.0,B
7235,10973,2013-10-08,154416,48,3217.0,A
5997,4894,2013-10-30,117024,24,4876.0,A
7121,10364,2013-11-05,21924,36,609.0,A
6077,5270,2013-11-17,79608,24,3317.0,A
6228,6034,2013-11-26,464520,60,7742.0,B
6356,6701,2013-12-03,95400,36,2650.0,A
5523,2705,2013-12-03,93888,36,2608.0,A
6456,7123,2013-12-04,47016,12,3918.0,A
7104,10320,2013-12-08,259740,60,4329.0,A
6820,9034,2013-12-11,38148,12,3179.0,A
6876,9236,2013-12-16,86616,12,7218.0,A
7097,10266,2013-12-18,75624,24,3151.0,B
4959,2,2013-12-31,80952,24,3373.0,A
6499,7401,2013-12-31,80952,24,3373.0,A
5479,2486,2014-01-05,24516,12,2043.0,A
5170,1071,2014-01-15,253200,60,4220.0,C
6721,8475,2014-01-16,21072,24,878.0,A
7259,11111,2014-01-26,108144,36,3004.0,A
5285,1603,2014-02-01,78936,12,6578.0,A
5189,1166,2014-02-02,149040,48,3105.0,A
6650,8073,2014-02-12,49320,12,4110.0,B
7226,10940,2014-02-18,197748,36,5493.0,A
6087,5313,2014-02-22,300660,60,5011.0,C
7262,11135,2014-02-24,182628,36,5073.0,A
5519,2694,2014-03-03,91632,12,7636.0,A
6577,7753,2014-03-06,51696,24,2154.0,A
6509,7445,2014-03-10,55368,24,2307.0,A
6520,7485,2014-03-11,91200,24,3800.0,A
6699,8330,2014-03-25,7656,24,319.0,A
6336,6555,2014-03-26,212400,36,5900.0,A
7055,10079,2014-04-01,167100,60,2785.0,C
6103,5385,2014-04-02,149340,60,2489.0,C
6202,5891,2014-04-13,65184,12,5432.0,A
7066,10131,2014-04-27,215388,36,5983.0,B
6696,8321,2014-05-04,89040,60,1484.0,C
6072,5256,2014-05-05,193968,36,5388.0,A
5130,813,2014-05-06,24312,12,2026.0,A
5568,2933,2014-05-12,272520,60,4542.0,C
6678,8173,2014-05-15,80340,12,6695.0,A
6998,9833,2014-05-16,97632,12,8136.0,A
6580,7769,2014-05-17,196080,48,4085.0,A
6316,6473,2014-05-21,76908,12,6409.0,B
6512,7454,2014-05-21,63312,48,1319.0,A
6407,6930,2014-05-21,25944,24,1081.0,A
5002,173,2014-05-26,104808,12,8734.0,A
6647,8051,2014-05-27,208320,48,4340.0,A
7137,10439,2014-05-29,151560,24,6315.0,A
6903,9337,2014-05-30,52128,24,2172.0,A
5918,4576,2014-05-30,300204,36,8339.0,A
6642,8027,2014-05-31,77640,12,6470.0,A
6210,5927,2014-06-01,87216,48,1817.0,B
6279,6273,2014-06-02,87360,24,3640.0,A
7249,11065,2014-06-07,69360,48,1445.0,A
6736,8558,2014-06-09,288360,60,4806.0,C
6112,5442,2014-06-12,174744,24,7281.0,B
5319,1811,2014-06-18,239460,60,3991.0,C
6596,7844,2014-06-20,91584,24,3816.0,A
5837,4260,2014-06-24,244560,60,4076.0,C
5657,3354,2014-06-30,4980,12,415.0,A
5533,2762,2014-06-30,111384,24,4641.0,A
6232,6051,2014-07-03,276660,36,7685.0,B
6888,9265,2014-07-06,39576,12,3298.0,A
6066,5228,2014-07-06,173808,24,7242.0,A
5549,2824,2014-07-11,50460,60,841.0,C
5060,426,2014-07-14,252060,60,4201.0,D
6004,4937,2014-07-18,143904,24,5996.0,A
5126,790,2014-07-19,208128,48,4336.0,B
7220,10911,2014-07-23,131292,36,3647.0,A
6668,8129,2014-07-25,74736,36,2076.0,A
5395,2176,2014-07-25,299088,36,8308.0,B
6836,9093,2014-07-29,189300,60,3155.0,C
6064,5215,2014-07-30,14628,12,1219.0,A
6919,9403,2014-07-31,120888,36,3358.0,A
6841,9104,2014-08-02,172080,48,3585.0,A
6038,5120,2014-08-05,323472,48,6739.0,A
6729,8519,2014-08-06,74688,12,6224.0,A
7198,10788,2014-08-18,45768,12,3814.0,A
6686,8260,2014-08-20,224604,36,6239.0,A
5836,4259,2014-08-22,79632,24,3318.0,A
7061,10105,2014-08-22,121896,24,5079.0,A
5595,3050,2014-08-28,82896,12,6908.0,A
5723,3674,2014-09-05,23628,12,1969.0,A
6120,5481,2014-09-06,209184,48,4358.0,A
6895,9307,2014-09-14,41904,12,3492.0,A
5882,4427,2014-09-21,87816,12,7318.0,A
5754,3834,2014-09-23,23052,12,1921.0,A
6594,7824,2014-09-23,189696,24,7904.0,B
6738,8566,2014-09-24,230220,36,6395.0,B
6624,7965,2014-09-25,71460,12,5955.0,A
6216,5952,2014-09-25,141240,24,5885.0,A
6229,6040,2014-09-27,11736,24,489.0,A
5887,4448,2014-09-28,192744,36,5354.0,A
6808,8982,2014-10-07,227880,36,6330.0,A
6297,6363,2014-10-20,17508,12,1459.0,A
5161,1012,2014-10-23,98184,24,4091.0,A
5390,2167,2014-10-25,170256,24,7094.0,A
6150,5622,2014-10-28,83016,12,6918.0,A
6223,5991,2014-10-29,61056,48,1272.0,A
5032,290,2014-10-29,123696,48,2577.0,A
6253,6148,2014-10-30,59760,24,2490.0,A
6460,7133,2014-11-01,48672,36,1352.0,A
6645,8041,2014-11-01,140400,36,3900.0,A
5176,1106,2014-11-07,192552,24,8023.0,B
5269,1527,2014-11-14,164052,36,4557.0,B
5351,1978,2014-11-29,205200,36,5700.0,A
5861,4337,2014-12-03,51408,24,2142.0,A
5450,2345,2014-12-06,199680,60,3328.0,C
7142,10451,2014-12-14,482940,60,8049.0,D
6306,6425,2014-12-15,36684,12,3057.0,A
6272,6226,2014-12-15,398640,60,6644.0,C
5044,344,2014-12-16,100980,60,1683.0,C
5576,2962,2014-12-16,31248,12,2604.0,A
7192,10738,2014-12-16,115992,36,3222.0,A
5739,3747,2014-12-28,76380,12,6365.0,A
6526,7523,2014-12-29,288468,36,8013.0,A
5624,3166,2014-12-29,177744,48,3703.0,D
6244,6118,2015-01-03,270648,36,7518.0,B
5131,816,2015-01-03,48624,24,2026.0,A
6960,9640,2015-01-06,76416,24,3184.0,A
6358,6715,2015-01-09,137880,60,2298.0,D
5418,2245,2015-01-11,347952,48,7249.0,C
6598,7857,2015-01-13,68112,12,5676.0,A
5464,2419,2015-01-25,95808,12,7984.0,A
6591,7819,2015-01-28,20832,48,434.0,C
5724,3678,2015-01-31,316140,60,5269.0,D
6315,6472,2015-02-01,43164,12,3597.0,A
5876,4413,2015-02-03,221280,48,4610.0,C
6986,9750,2015-02-06,151728,48,3161.0,D
6294,6353,2015-02-07,79920,60,1332.0,C
5132,817,2015-02-12,538500,60,8975.0,C
5877,4414,2015-02-18,97224,24,4051.0,A
6227,6030,2015-02-27,28248,24,1177.0,A
7241,11021,2015-02-27,168984,24,7041.0,B
6737,8564,2015-03-06,76680,24,3195.0,A
7004,9869,2015-03-10,331560,60,5526.0,C
6169,5700,2015-03-11,103680,60,1728.0,D
5208,1247,2015-03-11,99696,48,2077.0,D
6694,8316,2015-03-14,134784,24,5616.0,A
5599,3064,2015-03-16,15420,12,1285.0,A
6546,7607,2015-03-22,31728,24,1322.0,A
5414,2228,2015-03-24,185952,48,3874.0,C
5453,2361,2015-03-27,156672,36,4352.0,A
5740,3752,2015-03-28,18564,12,1547.0,A
5804,4079,2015-03-31,158976,48,3312.0,C
6745,8625,2015-04-05,47304,24,1971.0,A
6950,9591,2015-04-06,104712,24,4363.0,A
6996,9828,2015-04-08,126600,24,5275.0,A
5352,1993,2015-04-10,68400,12,5700.0,B
6151,5628,2015-04-20,225420,60,3757.0,C
5310,1762,2015-04-23,248148,36,6893.0,A
5045,347,2015-04-26,187224,24,7801.0,B
6929,9472,2015-05-03,36396,12,3033.0,A
5151,960,2015-05-19,189060,60,3151.0,C
5212,1256,2015-05-24,71064,36,1974.0,A
5138,854,2015-05-25,87216,48,1817.0,C
5713,3629,2015-05-25,158760,60,2646.0,C
6704,8377,2015-05-27,417060,60,6951.0,C
6474,7190,2015-06-01,63360,60,1056.0,C
6676,8159,2015-06-08,29784,24,1241.0,A
6965,9656,2015-06-08,139536,24,5814.0,A
6725,8489,2015-06-18,265320,36,7370.0,A
7166,10630,2015-06-19,198240,24,8260.0,A
7138,10440,2015-06-28,60000,60,1000.0,C
5970,4774,2015-07-04,465072,48,9689.0,C
6157,5650,2015-07-05,98592,24,4108.0,A
6153,5632,2015-07-20,285600,60,4760.0,C
5693,3489,2015-07-27,44088,24,1837.0,A
5922,4580,2015-07-31,20220,12,1685.0,A
5959,4727,2015-08-06,107640,24,4485.0,A
5980,4825,2015-08-13,21396,12,1783.0,A
6764,8776,2015-08-21,33984,48,708.0,C
5237,1375,2015-08-24,45336,24,1889.0,A
6726,8492,2015-08-29,85860,60,1431.0,C
6933,9493,2015-09-04,188688,48,3931.0,C
5145,915,2015-09-11,309552,48,6449.0,C
7008,9897,2015-09-17,36168,12,3014.0,A
7227,10942,2015-09-27,314520,60,5242.0,C
6600,7861,2015-10-03,21852,36,607.0,A
6712,8405,2015-10-09,266220,60,4437.0,C
7057,10093,2015-10-15,231696,36,6436.0,A
7176,10663,2015-10-23,260028,36,7223.0,A
7304,11349,2015-10-24,419880,60,6998.0,C
6362,6738,2015-10-26,37908,12,3159.0,A
5880,4423,2015-10-26,73836,36,2051.0,A
6535,7546,2015-10-28,41952,12,3496.0,A
5449,2343,2015-10-30,99336,24,4139.0,A
6342,6609,2015-11-07,60156,36,1671.0,B
5409,2218,2015-11-13,182040,60,3034.0,C
6955,9627,2015-11-17,244368,48,5091.0,C
6985,9731,2015-11-17,113796,36,3161.0,A
5125,789,2015-11-18,73056,48,1522.0,C
5805,4081,2015-11-23,137904,24,5746.0,B
6185,5774,2015-11-23,31176,24,1299.0,A
7243,11042,2015-11-29,217152,36,6032.0,A
6403,6924,2015-11-30,194880,48,4060.0,C
6578,7765,2015-12-06,27984,12,2332.0,A
5413,2227,2015-12-07,92976,24,3874.0,A
6949,9583,2015-12-07,104712,24,4363.0,A
6545,7606,2015-12-07,191880,60,3198.0,C
6178,5742,2015-12-11,232560,48,4845.0,C
5160,1011,2015-12-13,204000,60,3400.0,C
6785,8899,2015-12-20,125340,60,2089.0,C
6540,7562,2015-12-26,309600,48,6450.0,C
6589,7815,2015-12-27,189696,24,7904.0,A
5900,4503,2015-12-27,135360,48,2820.0,C
5999,4907,2015-12-29,98832,48,2059.0,C
6043,5126,2016-01-06,20352,48,424.0,C
5482,2496,2016-01-07,165120,60,2752.0,C
7263,11138,2016-01-14,89880,24,3745.0,A
6013,4995,2016-01-29,128988,36,3583.0,D
5750,3804,2016-02-03,63252,12,5271.0,A
6027,5066,2016-02-05,61656,24,2569.0,B
6303,6400,2016-02-07,72408,24,3017.0,B
7213,10884,2016-02-08,113544,36,3154.0,C
6659,8092,2016-02-15,56100,60,935.0,C
6175,5735,2016-02-16,290700,60,4845.0,D
5610,3112,2016-02-19,123216,48,2567.0,C
5563,2912,2016-02-24,380160,60,6336.0,C
5989,4852,2016-02-28,213300,36,5925.0,C
6698,8327,2016-03-05,247728,48,5161.0,C
5312,1772,2016-03-08,202788,36,5633.0,C
7189,10728,2016-03-16,154656,48,3222.0,C
6816,9017,2016-03-21,100224,48,2088.0,D
6137,5574,2016-04-05,44628,12,3719.0,A
5128,808,2016-04-06,215616,48,4492.0,D
5470,2456,2016-04-10,200976,48,4187.0,C
5593,3037,2016-04-13,277884,36,7719.0,D
5350,1967,2016-04-16,249312,48,5194.0,C
6063,5213,2016-04-20,320976,48,6687.0,D
6501,7418,2016-04-24,30276,12,2523.0,B
5452,2352,2016-04-24,49440,60,824.0,C
4961,19,2016-04-24,30276,12,2523.0,B
4973,67,2016-04-27,165960,24,6915.0,A
6190,5794,2016-05-01,123600,60,2060.0,C
6715,8411,2016-05-01,220620,60,3677.0,C
5892,4462,2016-05-09,66480,24,2770.0,B
6550,7614,2016-05-13,320592,48,6679.0,C
5706,3608,2016-05-19,161496,36,4486.0,C
5148,940,2016-05-24,284280,60,4738.0,C
6734,8547,2016-05-25,173016,36,4806.0,C
6109,5422,2016-05-29,368880,60,6148.0,C
6961,9645,2016-06-01,176148,36,4893.0,C
6810,9006,2016-06-03,186384,48,3883.0,C
5494,2572,2016-06-08,360000,48,7500.0,C
5311,1766,2016-06-10,30060,60,501.0,C
5445,2322,2016-06-24,46320,24,1930.0,A
5301,1698,2016-07-01,141948,36,3943.0,C
7034,10001,2016-07-06,19044,36,529.0,C
6751,8680,2016-07-09,85716,36,2381.0,C
6667,8127,2016-07-10,155880,24,6495.0,A
6130,5541,2016-07-13,32640,48,680.0,C
5429,2268,2016-07-13,20196,36,561.0,C
5725,3679,2016-07-18,444864,48,9268.0,C
6019,5033,2016-07-20,11400,12,950.0,A
6421,6985,2016-07-20,96768,36,2688.0,C
6992,9790,2016-07-22,133968,48,2791.0,C
5136,846,2016-07-23,187104,24,7796.0,A
5337,1886,2016-07-26,162468,36,4513.0,C
5495,2580,2016-07-28,89340,60,1489.0,C
7013,9928,2016-07-28,89340,60,1489.0,C
6012,4994,2016-07-29,258444,36,7179.0,C
6471,7184,2016-07-30,155640,24,6485.0,A
6296,6358,2016-08-01,270384,48,5633.0,C
7305,11359,2016-08-01,54024,12,4502.0,A
6144,5593,2016-08-04,44376,12,3698.0,A
6283,6289,2016-08-06,85632,48,1784.0,C
7246,11054,2016-08-15,148920,60,2482.0,C
5088,544,2016-08-17,91152,24,3798.0,A
5988,4851,2016-08-17,141648,24,5902.0,A
5282,1583,2016-08-19,388512,48,8094.0,D
5938,4650,2016-08-20,402000,60,6700.0,C
5606,3084,2016-08-23,253512,36,7042.0,D
5385,2143,2016-09-04,71460,36,1985.0,C
6865,9199,2016-09-06,29448,12,2454.0,B
5586,2994,2016-09-09,48744,36,1354.0,C
6302,6397,2016-09-11,181020,60,3017.0,C
7194,10762,2016-09-12,68832,36,1912.0,C
6461,7136,2016-09-14,74124,36,2059.0,C
6732,8533,2016-09-14,174048,48,3626.0,C
6613,7926,2016-09-17,84120,24,3505.0,A
7036,10019,2016-09-20,194940,36,5415.0,C
5897,4476,2016-09-20,15192,24,633.0,A
6995,9814,2016-09-21,96168,12,8014.0,A
5415,2236,2016-09-21,139464,36,3874.0,D
7136,10436,2016-09-23,54396,36,1511.0,C
7271,11186,2016-09-27,392460,60,6541.0,C
5375,2106,2016-09-28,101520,12,8460.0,A
5635,3230,2016-09-29,77184,36,2144.0,C
6817,9024,2016-09-29,70656,48,1472.0,C
5923,4585,2016-10-05,64656,48,1347.0,C
5329,1862,2016-10-11,396120,60,6602.0,C
6644,8039,2016-10-15,93600,24,3900.0,A
6354,6688,2016-10-18,22968,36,638.0,C
5082,501,2016-10-19,262980,60,4383.0,C
6585,7795,2016-10-24,372120,60,6202.0,C
6921,9422,2016-10-24,86184,12,7182.0,A
5366,2062,2016-10-24,86184,12,7182.0,A
5886,4447,2016-10-26,192744,36,5354.0,C
5741,3754,2016-10-29,68544,24,2856.0,A
4996,132,2016-11-01,88440,12,7370.0,A
6015,5001,2016-11-04,110112,24,4588.0,A
6309,6434,2016-11-06,110136,24,4589.0,A
6073,5263,2016-11-07,276300,60,4605.0,C
6006,4948,2016-11-10,359760,60,5996.0,C
5611,3115,2016-11-10,321180,60,5353.0,C
6944,9548,2016-11-10,46176,48,962.0,C
7101,10297,2016-11-13,421008,48,8771.0,C
6599,7859,2016-11-14,72120,12,6010.0,A
6940,9510,2016-11-17,228276,36,6341.0,C
5209,1250,2016-11-20,182640,48,3805.0,C
5388,2153,2016-11-23,61560,12,5130.0,A
6011,4981,2016-11-23,179328,48,3736.0,C
5591,3021,2016-11-29,155616,48,3242.0,C
7154,10520,2016-11-30,417600,60,6960.0,C
7130,10411,2016-12-06,123408,24,5142.0,A
6818,9030,2016-12-07,155616,48,3242.0,C
5625,3189,2016-12-10,222180,60,3703.0,D
6805,8972,2016-12-16,45024,48,938.0,C
7233,10963,2016-12-20,115812,36,3217.0,C
7308,11362,2016-12-22,129408,24,5392.0,A
5895,4473,2016-12-29,93960,60,1566.0,C
7122,10365,2016-12-30,260640,36,7240.0,D
6173,5724,2017-01-03,232560,48,4845.0,C
6142,5591,2017-01-16,221880,60,3698.0,C
5358,2018,2017-01-16,38520,12,3210.0,A
6095,5358,2017-01-19,68340,60,1139.0,C
6878,9242,2017-01-19,23184,12,1932.0,A
6554,7637,2017-01-24,390096,48,8127.0,C
6793,8931,2017-01-25,186300,60,3105.0,C
7286,11271,2017-01-26,67320,36,1870.0,C
6076,5269,2017-01-28,117420,60,1957.0,C
5134,825,2017-01-28,53076,12,4423.0,A
5419,2246,2017-01-31,415800,60,6930.0,C
6255,6158,2017-02-03,247920,48,5165.0,D
5656,3353,2017-02-04,146064,24,6086.0,C
6934,9494,2017-02-04,116832,12,9736.0,A
6028,5072,2017-02-04,317520,60,5292.0,C
6490,7262,2017-02-05,73260,60,1221.0,C
6415,6950,2017-02-07,475680,48,9910.0,C
7087,10215,2017-02-15,44304,24,1846.0,C
5420,2247,2017-02-19,72504,24,3021.0,C
5977,4803,2017-02-20,59136,48,1232.0,C
6824,9052,2017-02-21,71976,24,2999.0,D
5207,1244,2017-02-23,35904,48,748.0,C
7115,10351,2017-02-27,88704,48,1848.0,C
7250,11069,2017-02-27,119136,48,2482.0,C
6010,4969,2017-03-01,150180,60,2503.0,C
6088,5317,2017-03-02,90180,36,2505.0,C
5682,3455,2017-03-02,67464,12,5622.0,A
7201,10807,2017-03-02,67464,12,5622.0,A
6938,9504,2017-03-05,341280,60,5688.0,C
6875,9235,2017-03-08,83280,48,1735.0,C
5953,4715,2017-03-09,97176,24,4049.0,C
5942,4681,2017-03-10,162624,48,3388.0,C
5382,2134,2017-03-12,22932,36,637.0,C
6377,6792,2017-03-12,17184,12,1432.0,A
5931,4618,2017-03-12,66696,24,2779.0,D
5992,4863,2017-03-13,76080,12,6340.0,A
5790,4033,2017-03-15,84288,48,1756.0,C
6753,8688,2017-03-15,67980,12,5665.0,A
6562,7674,2017-03-16,94488,24,3937.0,C
7046,10049,2017-03-23,91632,12,7636.0,A
5868,4361,2017-03-24,90156,12,7513.0,A
5784,3967,2017-03-24,84600,36,2350.0,D
5878,4415,2017-03-27,74040,12,6170.0,A
5110,675,2017-03-27,102240,60,1704.0,C
5210,1252,2017-03-27,148140,36,4115.0,C
7230,10954,2017-03-28,18720,60,312.0,C
5005,176,2017-04-05,27456,12,2288.0,A
6871,9225,2017-04-08,164256,48,3422.0,C
5363,2051,2017-04-17,293880,60,4898.0,D
7253,11079,2017-04-21,98304,12,8192.0,A
6055,5181,2017-04-23,399120,60,6652.0,C
5072,472,2017-04-23,196800,24,8200.0,D
6913,9377,2017-04-24,99936,24,4164.0,C
6386,6856,2017-04-25,124344,36,3454.0,C
5634,3229,2017-04-26,39024,12,3252.0,A
5758,3859,2017-04-27,307200,60,5120.0,D
6819,9031,2017-04-28,50112,24,2088.0,C
7088,10233,2017-04-28,239160,60,3986.0,C
5039,314,2017-04-28,66840,24,2785.0,C
5532,2754,2017-04-29,335280,48,6985.0,C
6037,5118,2017-04-29,53232,48,1109.0,C
6322,6510,2017-05-01,76992,24,3208.0,C
6887,9263,2017-05-03,39576,12,3298.0,A
6660,8094,2017-05-04,220428,36,6123.0,C
5451,2350,2017-05-06,159744,48,3328.0,C
6014,4999,2017-05-13,165168,36,4588.0,C
5556,2872,2017-05-14,268320,60,4472.0,C
6346,6649,2017-05-17,100260,60,1671.0,C
5850,4293,2017-05-17,164196,36,4561.0,C
5940,4660,2017-05-23,106944,24,4456.0,C
7119,10361,2017-05-28,86880,12,7240.0,A
5253,1447,2017-05-29,100080,48,2085.0,C
6851,9138,2017-05-29,272220,60,4537.0,D
6695,8320,2017-05-30,309660,60,5161.0,C
6908,9353,2017-06-03,188616,24,7859.0,C
7255,11096,2017-06-04,213300,60,3555.0,C
5674,3418,2017-06-05,207264,48,4318.0,C
6278,6265,2017-06-05,87360,24,3640.0,C
5486,2516,2017-06-08,466608,48,9721.0,C
5174,1093,2017-06-08,385104,48,8023.0,C
6621,7957,2017-06-09,42900,12,3575.0,A
6313,6461,2017-06-10,150912,36,4192.0,C
6435,7045,2017-06-11,288720,48,6015.0,C
6970,9677,2017-06-12,31620,60,527.0,C
6310,6440,2017-06-12,34572,12,2881.0,A
5932,4626,2017-06-13,33348,12,2779.0,A
6877,9241,2017-06-14,285240,60,4754.0,C
6763,8772,2017-06-14,88272,48,1839.0,C
7085,10202,2017-06-14,305424,48,6363.0,C
7049,10063,2017-06-19,233424,36,6484.0,C
6959,9633,2017-06-25,59448,24,2477.0,D
5214,1270,2017-06-26,74772,36,2077.0,C
6350,6678,2017-07-04,294384,48,6133.0,C
5063,442,2017-07-05,357840,48,7455.0,D
5041,319,2017-07-06,369000,60,6150.0,C
5086,525,2017-07-11,210384,48,4383.0,C
6942,9513,2017-07-11,18324,12,1527.0,A
5270,1528,2017-07-16,191088,48,3981.0,C
6705,8381,2017-07-20,333648,48,6951.0,D
7051,10068,2017-07-23,77808,12,6484.0,A
6758,8742,2017-07-24,33144,12,2762.0,A
6249,6138,2017-07-25,67608,24,2817.0,C
5808,4099,2017-07-26,41856,48,872.0,C
5377,2116,2017-07-30,92400,12,7700.0,A
5446,2334,2017-07-30,48312,24,2013.0,C
5856,4320,2017-08-04,51360,12,4280.0,B
4986,97,2017-08-05,102876,12,8573.0,A
7001,9859,2017-08-05,300600,60,5010.0,C
6677,8169,2017-08-07,97980,60,1633.0,C
6665,8114,2017-08-10,99300,60,1655.0,C
5817,4127,2017-08-10,100800,24,4200.0,D
6984,9730,2017-08-10,116040,60,1934.0,C
6541,7565,2017-08-12,153504,48,3198.0,C
5117,718,2017-08-15,76944,12,6412.0,A
6097,5362,2017-08-16,202848,48,4226.0,C
5389,2165,2017-08-17,78600,24,3275.0,C
7219,10905,2017-08-18,57120,48,1190.0,C
6338,6592,2017-08-19,390660,60,6511.0,C
6922,9424,2017-08-21,83628,36,2323.0,C
5367,2064,2017-08-21,83628,36,2323.0,C
5638,3249,2017-08-22,68124,12,5677.0,A
5830,4190,2017-08-23,405780,60,6763.0,C
5338,1888,2017-08-25,57360,12,4780.0,B
6007,4949,2017-08-25,289920,48,6040.0,C
6612,7907,2017-08-26,97392,12,8116.0,A
5718,3637,2017-08-27,14028,12,1169.0,A
6104,5395,2017-08-31,158184,36,4394.0,C
5229,1329,2017-09-01,23520,12,1960.0,A
6625,7966,2017-09-02,473280,60,7888.0,D
5206,1242,2017-09-02,128544,24,5356.0,C
5963,4746,2017-09-02,204780,60,3413.0,C
4990,110,2017-09-03,162576,36,4516.0,C
6641,8026,2017-09-04,128268,36,3563.0,C
5369,2080,2017-09-07,214596,36,5961.0,C
6196,5837,2017-09-09,177804,36,4939.0,C
5236,1374,2017-09-10,389136,48,8107.0,C
5719,3664,2017-09-15,271584,48,5658.0,C
5643,3273,2017-09-16,94512,12,7876.0,B
7050,10065,2017-09-18,311232,48,6484.0,C
6355,6699,2017-09-19,127200,48,2650.0,C
6688,8268,2017-09-21,8616,24,359.0,C
6239,6083,2017-09-23,360864,48,7518.0,D
5531,2753,2017-09-25,66432,24,2768.0,C
6113,5445,2017-09-26,78696,36,2186.0,C
7181,10679,2017-09-27,197808,24,8242.0,C
6118,5477,2017-09-29,349392,48,7279.0,C
7264,11141,2017-10-02,44940,12,3745.0,A
5343,1906,2017-10-03,44952,24,1873.0,C
5051,378,2017-10-06,230400,60,3840.0,C
5779,3942,2017-10-09,107352,36,2982.0,C
6605,7890,2017-10-09,79344,48,1653.0,C
6655,8085,2017-10-12,260400,60,4340.0,D
6534,7542,2017-10-14,590820,60,9847.0,C
5681,3448,2017-10-15,68664,24,2861.0,C
6607,7894,2017-10-16,153144,36,4254.0,C
6242,6097,2017-10-17,26208,36,728.0,C
7242,11027,2017-10-18,48096,24,2004.0,C
7277,11231,2017-10-19,89280,12,7440.0,A
6675,8158,2017-10-27,238716,36,6631.0,C
5398,2187,2017-10-30,53472,12,4456.0,A
5956,4725,2017-10-30,168264,36,4674.0,C
5731,3711,2017-10-31,460980,60,7683.0,D
6956,9631,2017-11-04,59448,24,2477.0,C
6437,7052,2017-11-04,63972,36,1777.0,D
5447,2335,2017-11-07,541200,60,9020.0,D
5973,4784,2017-11-19,219456,48,4572.0,C
6075,5267,2017-11-21,129312,24,5388.0,D
5281,1580,2017-11-22,194256,24,8094.0,C
5103,666,2017-11-23,12540,12,1045.0,A
6468,7176,2017-11-25,203940,60,3399.0,C
7209,10857,2017-11-25,385560,60,6426.0,D
5584,2986,2017-12-01,24792,24,1033.0,C
4988,103,2017-12-01,265320,36,7370.0,D
6502,7424,2017-12-03,30276,12,2523.0,A
5651,3329,2017-12-03,19248,12,1604.0,A
4962,25,2017-12-03,30276,12,2523.0,A
5862,4342,2017-12-04,100128,24,4172.0,C
7199,10789,2017-12-04,45768,12,3814.0,A
6727,8505,2017-12-05,42840,12,3570.0,A
7279,11244,2017-12-06,155760,24,6490.0,C
6544,7594,2017-12-06,130464,48,2718.0,C
5933,4631,2017-12-08,87528,24,3647.0,C
6574,7745,2017-12-15,77544,36,2154.0,C
6399,6902,2017-12-16,49320,36,1370.0,C
7187,10711,2017-12-19,24180,60,403.0,C
6353,6686,2017-12-20,116496,24,4854.0,C
5043,339,2017-12-20,468060,60,7801.0,C
5469,2445,2017-12-21,293160,60,4886.0,C
5976,4794,2017-12-22,465504,48,9698.0,D
6059,5196,2017-12-23,79824,12,6652.0,A
5799,4052,2017-12-23,106128,36,2948.0,C
6147,5602,2017-12-23,177504,48,3698.0,C
6254,6157,2017-12-23,247920,48,5165.0,C
7100,10280,2017-12-26,348120,60,5802.0,C
7147,10478,2017-12-28,267600,48,5575.0,C
5909,4550,2017-12-29,61320,60,1022.0,C
7037,10022,2017-12-29,218064,48,4543.0,C
5782,3953,2017-12-30,63576,12,5298.0,C
6237,6075,2018-01-01,407952,48,8499.0,D
6552,7632,2018-01-03,170448,48,3551.0,C
7067,10134,2018-01-06,136368,24,5682.0,C
5320,1819,2018-01-06,143676,36,3991.0,C
5930,4616,2018-01-07,66696,24,2779.0,C
6486,7240,2018-01-10,152160,60,2536.0,C
5245,1407,2018-01-12,125472,24,5228.0,C
6643,8038,2018-01-13,35856,24,1494.0,C
5260,1480,2018-01-14,123300,36,3425.0,C
5569,2936,2018-01-15,504000,60,8400.0,C
7110,10345,2018-01-16,31260,12,2605.0,C
7139,10445,2018-01-17,23412,12,1951.0,C
6791,8926,2018-01-18,566640,60,9444.0,C
5360,2035,2018-01-20,176328,36,4898.0,C
5287,1638,2018-01-21,64224,24,2676.0,C
6553,7636,2018-01-21,42384,12,3532.0,C
7072,10148,2018-01-22,22104,12,1842.0,C
6044,5133,2018-01-22,57060,12,4755.0,C
5332,1869,2018-01-24,37944,36,1054.0,C
6866,9201,2018-01-31,122472,24,5103.0,C
6633,7997,2018-01-31,160656,24,6694.0,C
6926,9455,2018-02-02,374760,60,6246.0,C
6442,7082,2018-02-03,194160,48,4045.0,C
5889,4456,2018-02-04,321240,60,5354.0,C
5765,3875,2018-02-05,153936,24,6414.0,C
5124,785,2018-02-07,156096,36,4336.0,C
5491,2545,2018-02-08,428784,48,8933.0,C
6730,8523,2018-02-10,93036,12,7753.0,C
7151,10493,2018-02-13,133800,24,5575.0,C
5140,873,2018-02-19,178500,60,2975.0,C
7171,10650,2018-02-19,196224,48,4088.0,C
6568,7713,2018-02-20,220440,60,3674.0,C
6861,9179,2018-02-23,215040,60,3584.0,C
6855,9153,2018-02-24,52236,36,1451.0,C
7129,10404,2018-02-24,194280,60,3238.0,C
5384,2142,2018-03-02,23328,12,1944.0,C
6859,9167,2018-03-02,272220,60,4537.0,C
5772,3906,2018-03-03,334620,60,5577.0,C
5665,3390,2018-03-06,40632,12,3386.0,C
6495,7274,2018-03-07,49044,12,4087.0,C
5061,440,2018-03-08,84288,48,1756.0,C
6948,9560,2018-03-10,157068,36,4363.0,C
5773,3907,2018-03-11,133848,24,5577.0,C
6052,5164,2018-03-18,22356,36,621.0,C
6682,8225,2018-03-25,36204,12,3017.0,D
6083,5305,2018-03-26,240528,48,5011.0,C
6962,9646,2018-03-28,279072,48,5814.0,C
5158,1004,2018-04-06,188532,36,5237.0,C
6464,7156,2018-04-11,49488,24,2062.0,C
5172,1083,2018-04-11,50976,36,1416.0,C
5582,2982,2018-04-12,41256,12,3438.0,C
6136,5572,2018-04-14,140880,60,2348.0,C
6235,6062,2018-04-14,321360,60,5356.0,C
6508,7437,2018-04-14,110736,48,2307.0,C
4968,38,2018-04-14,110736,48,2307.0,C
6632,7990,2018-04-18,144960,48,3020.0,C
7195,10774,2018-04-18,339168,48,7066.0,C
5525,2720,2018-04-22,93888,36,2608.0,C
6320,6495,2018-04-23,104964,12,8747.0,C
6766,8784,2018-04-23,74352,24,3098.0,C
6872,9227,2018-04-24,191580,60,3193.0,C
5906,4533,2018-04-30,81144,36,2254.0,C
7172,10652,2018-05-02,45720,12,3810.0,C
6571,7733,2018-05-07,140064,24,5836.0,C
5616,3143,2018-05-10,130896,24,5454.0,C
6312,6453,2018-05-12,10944,36,304.0,C
6470,7181,2018-05-12,49872,12,4156.0,C
5147,938,2018-05-16,22260,60,371.0,C
5501,2622,2018-05-16,136344,24,5681.0,C
6436,7049,2018-05-17,495180,60,8253.0,C
5699,3562,2018-05-19,174960,24,7290.0,C
5313,1776,2018-05-22,43200,24,1800.0,C
6234,6061,2018-05-23,5148,12,429.0,C
6569,7721,2018-05-23,45456,12,3788.0,C
7202,10812,2018-05-24,140688,48,2931.0,C
5683,3460,2018-05-24,140688,48,2931.0,C
5034,303,2018-05-25,112752,36,3132.0,C
5435,2279,2018-05-27,314688,48,6556.0,C
5815,4116,2018-05-29,151200,36,4200.0,C
5589,3005,2018-05-31,390000,48,8125.0,C
6746,8639,2018-06-01,185640,60,3094.0,C
6790,8919,2018-06-03,76104,24,3171.0,C
6857,9159,2018-06-03,69600,48,1450.0,C
6450,7099,2018-06-05,234336,48,4882.0,C
7221,10915,2018-06-06,152460,60,2541.0,C
5527,2728,2018-06-10,156420,60,2607.0,C
5620,3161,2018-06-11,30012,12,2501.0,C
6215,5944,2018-06-13,78720,48,1640.0,C
7167,10644,2018-06-13,269964,36,7499.0,C
5823,4144,2018-06-16,212976,36,5916.0,C
6207,5912,2018-06-18,184620,60,3077.0,C
6932,9491,2018-06-20,225504,48,4698.0,C
5669,3403,2018-06-22,71820,36,1995.0,C
5154,993,2018-06-26,108720,60,1812.0,C
7168,10645,2018-06-30,208332,36,5787.0,C
5585,2988,2018-07-03,88608,12,7384.0,C
7200,10799,2018-07-06,31140,60,519.0,C
6539,7559,2018-07-06,12792,12,1066.0,C
5774,3916,2018-07-07,96984,36,2694.0,C
6357,6706,2018-07-07,64860,60,1081.0,C
5042,330,2018-07-07,331584,48,6908.0,C
5015,226,2018-07-07,109344,12,9112.0,C
5354,2000,2018-07-09,290820,60,4847.0,C
6054,5180,2018-07-11,58764,12,4897.0,C
7295,11328,2018-07-13,280440,60,4674.0,C
5365,2055,2018-07-14,271260,60,4521.0,C
6755,8713,2018-07-19,170700,60,2845.0,C
5991,4858,2018-07-22,335184,48,6983.0,D
7035,10005,2018-07-24,210744,36,5854.0,C
5893,4467,2018-07-29,86184,36,2394.0,C
7164,10613,2018-08-10,249792,48,5204.0,C
5304,1718,2018-08-15,172272,24,7178.0,C
5561,2910,2018-08-24,437460,60,7291.0,C
5520,2699,2018-08-25,231168,48,4816.0,C
5241,1389,2018-08-28,125472,24,5228.0,C
7096,10257,2018-08-28,37812,12,3151.0,C
6078,5283,2018-09-04,170832,48,3559.0,C
5046,349,2018-09-04,42816,12,3568.0,C
5334,1876,2018-09-05,209040,24,8710.0,C
6969,9673,2018-09-07,88200,36,2450.0,C
6821,9037,2018-09-10,321936,48,6707.0,C
5760,3862,2018-09-13,74916,36,2081.0,C
5614,3137,2018-09-16,253560,60,4226.0,C
7091,10243,2018-09-17,113436,36,3151.0,C
5698,3556,2018-09-17,174840,60,2914.0,C
5169,1068,2018-09-19,253200,60,4220.0,C
7294,11327,2018-09-22,39168,24,1632.0,C
5318,1808,2018-09-25,385584,48,8033.0,C
5368,2073,2018-09-30,44640,24,1860.0,C
6923,9433,2018-09-30,44640,24,1860.0,C
5463,2413,2018-10-01,17952,12,1496.0,C
5265,1498,2018-10-02,165780,60,2763.0,C
6321,6505,2018-10-03,38496,12,3208.0,C
5226,1318,2018-10-06,185544,36,5154.0,C
6868,9208,2018-10-07,82128,24,3422.0,C
4967,37,2018-10-09,318480,60,5308.0,D
5293,1656,2018-10-24,189792,48,3954.0,C
5865,4354,2018-10-25,327660,60,5461.0,C
5841,4268,2018-10-30,41988,12,3499.0,C
5526,2725,2018-11-03,69624,36,1934.0,C
6852,9140,2018-11-05,16032,48,334.0,C
6469,7180,2018-11-12,99744,24,4156.0,C
6168,5698,2018-11-16,99216,36,2756.0,C
7292,11317,2018-11-17,317460,60,5291.0,C
5036,309,2018-11-20,91248,48,1901.0,C
5644,3293,2018-11-22,276084,36,7669.0,C
6856,9156,2018-11-26,163332,36,4537.0,C
5428,2262,2018-11-27,230220,36,6395.0,C
5027,276,2018-11-27,160920,36,4470.0,C
4989,105,2018-11-30,352704,48,7348.0,C
5221,1284,2018-11-30,52512,12,4376.0,C
6402,6922,2018-12-01,139488,24,5812.0,C
5346,1928,2018-12-01,55632,24,2318.0,C
6748,8645,2018-12-03,240900,60,4015.0,C
